lab_code,lab_lat_lng,lab_loc
BI4658,"52.4691353, -1.8797023",Birmingham
CA477T,"52.2208471,   0.1156700",Cambridge
BR46679,"53.8124860, -1.7592994 ",Bradford
LO4685,"51.3885652, -0.4435039	",London
MA7896,"   53.4740918, -2.2551303",Manchester
